-- phpMyAdmin SQL Dump
-- version 5.2.0
-- https://www.phpmyadmin.net/
--
-- Host: 127.0.0.1
-- Generation Time: Jan 20, 2025 at 09:45 AM
-- Server version: 10.4.24-MariaDB
-- PHP Version: 8.1.6

SET SQL_MODE = "NO_AUTO_VALUE_ON_ZERO";
START TRANSACTION;
SET time_zone = "+00:00";


/*!40101 SET @OLD_CHARACTER_SET_CLIENT=@@CHARACTER_SET_CLIENT */;
/*!40101 SET @OLD_CHARACTER_SET_RESULTS=@@CHARACTER_SET_RESULTS */;
/*!40101 SET @OLD_COLLATION_CONNECTION=@@COLLATION_CONNECTION */;
/*!40101 SET NAMES utf8mb4 */;

--
-- Database: `birkenstock`
--

-- --------------------------------------------------------

--
-- Table structure for table `card`
--

CREATE TABLE `card` (
  `Card_Number` varchar(255) NOT NULL,
  `Card_Name` varchar(255) NOT NULL,
  `Expiry_Month` varchar(255) NOT NULL,
  `Expiry_Year` varchar(255) NOT NULL,
  `Card_CVV` varchar(255) NOT NULL
) ENGINE=InnoDB DEFAULT CHARSET=utf8mb4;

--
-- Dumping data for table `card`
--

INSERT INTO `card` (`Card_Number`, `Card_Name`, `Expiry_Month`, `Expiry_Year`, `Card_CVV`) VALUES
('4848887511232233', 'Lim Jun Ming', '5', '25', '365'),
('WUltT0lsYnYxT3hO', '', '0', '0', '0'),
('eUJ0MDcwREZ4NEhK', '', '0', '0', '0'),
('V2tDdGxLSzB4Wllt', '', '0', '0', '0'),
('WkMrdFpxaS9UT3c3SDJ6eS9EODBpSndWTVYyZnM2ejBOUXV0MlQ5cjRaUT06OjEyMzQ1Njc4OTEyMzQ1Njc=', '', '', '', ''),
('bS9sQzZJNXVFS2hjazU3SlBnZzc0TFk3UU5vbXJLeTBSb1FHZDVuRG1uZz06OjEyMzQ1Njc4OTEyMzQ1Njc=', 'cUdmQlNkdXp2NVhYTThaNzM3aGw0UT09OjoxMjM0NTY3ODkxMjM0NTY3', 'T1BiWnpBaTZSTGoxelNwSXZlQ0N5Zz09OjoxMjM0NTY3ODkxMjM0NTY3', 'dDFJS1R2eGkwbFExSTZVdEc3WWo0dz09OjoxMjM0NTY3ODkxMjM0NTY3', 'YzRZWTJzTWJpTktQN0QwVlF0clQyZz09OjoxMjM0NTY3ODkxMjM0NTY3'),
('bHRqMHRrOWhZTW9ldnBhcytNMHZlSmM3d2JSYUQrd21mN2VGZ3diWGhZcz06OjEyMzQ1Njc4OTEyMzQ1Njc=', 'cUdmQlNkdXp2NVhYTThaNzM3aGw0UT09OjoxMjM0NTY3ODkxMjM0NTY3', 'MVZ4ZXkvaDNCY3Bndzhsb05RL0piQT09OjoxMjM0NTY3ODkxMjM0NTY3', 'ZjU2aTE3T0hNeHpvU0M5TGdiTityUT09OjoxMjM0NTY3ODkxMjM0NTY3', 'T0JGNmE0cWlGZitWMVBzNjVQNXkvdz09OjoxMjM0NTY3ODkxMjM0NTY3'),
('RHdaZ1lhckl1djd3TjlUc1JISTRyMTA2UDhUV1F6aXZsSjExcFpiaE9Pcz06OjEyMzQ1Njc4OTEyMzQ1Njc=', 'cUdmQlNkdXp2NVhYTThaNzM3aGw0UT09OjoxMjM0NTY3ODkxMjM0NTY3', 'T1BiWnpBaTZSTGoxelNwSXZlQ0N5Zz09OjoxMjM0NTY3ODkxMjM0NTY3', 'ZjU2aTE3T0hNeHpvU0M5TGdiTityUT09OjoxMjM0NTY3ODkxMjM0NTY3', 'ZUxncVdZNlN1LzlybVlLck55Wngvdz09OjoxMjM0NTY3ODkxMjM0NTY3'),
('OXUreTIyNnVzRHg0RWszY3pZOTdCZz09OjoxMjM0NTY3ODkxMjM0NTY3', 'OXUreTIyNnVzRHg0RWszY3pZOTdCZz09OjoxMjM0NTY3ODkxMjM0NTY3', 'OXUreTIyNnVzRHg0RWszY3pZOTdCZz09OjoxMjM0NTY3ODkxMjM0NTY3', 'OXUreTIyNnVzRHg0RWszY3pZOTdCZz09OjoxMjM0NTY3ODkxMjM0NTY3', 'OXUreTIyNnVzRHg0RWszY3pZOTdCZz09OjoxMjM0NTY3ODkxMjM0NTY3'),
('VEpxcW5CTlJ6MUp1clMySE1mNGwrUnJVbDZYNzRhSVBzOFh4ZFZOSnU4TT06OjEyMzQ1Njc4OTEyMzQ1Njc=', 'cUdmQlNkdXp2NVhYTThaNzM3aGw0UT09OjoxMjM0NTY3ODkxMjM0NTY3', 'S3B5YmY5WXZUajl6bXM2aG80TTJGZz09OjoxMjM0NTY3ODkxMjM0NTY3', 'Vit6WXFqaEV3TldPSTB6K0poOW14UT09OjoxMjM0NTY3ODkxMjM0NTY3', 'T0JGNmE0cWlGZitWMVBzNjVQNXkvdz09OjoxMjM0NTY3ODkxMjM0NTY3'),
('NWUwS0dPNks2bHNqK2JyS1E5cmZJOERNWm1yRTVEMlJ0aHovSnFRZDFFWT06OjEyMzQ1Njc4OTEyMzQ1Njc=', 'Y3lFcFR4Y1hGb1JyQXJDWE5mVU1Jdz09OjoxMjM0NTY3ODkxMjM0NTY3', 'YkI2ZG1qVDJzS3JBWTV5Tko0QmJLUT09OjoxMjM0NTY3ODkxMjM0NTY3', 'VFZ5djZXcVBITStENHUwSU9DWUdUdz09OjoxMjM0NTY3ODkxMjM0NTY3', 'bWVCOUZjZHFocnFqSytJNDBJT0w3UT09OjoxMjM0NTY3ODkxMjM0NTY3'),
('cXBjM2JKek4yQXp6RjZxS0F4ZlVwMStrOHdJK1RqY0ZKcmRLb0RmcDdIZz06OjEyMzQ1Njc4OTEyMzQ1Njc=', 'Y3lFcFR4Y1hGb1JyQXJDWE5mVU1Jdz09OjoxMjM0NTY3ODkxMjM0NTY3', 'T1BiWnpBaTZSTGoxelNwSXZlQ0N5Zz09OjoxMjM0NTY3ODkxMjM0NTY3', 'bms1UHhORXppL2N2TllIZlpseUswQT09OjoxMjM0NTY3ODkxMjM0NTY3', 'MEVlY0NBcHRIcUFQUkVFbjVhSS9kQT09OjoxMjM0NTY3ODkxMjM0NTY3'),
('MEtuVVZmRmo4SE5ObHZpRmJMTHB0UzY4TWdBamVKeWwrNDhHWE5TQ1F4bz06OjEyMzQ1Njc4OTEyMzQ1Njc=', 'cUdmQlNkdXp2NVhYTThaNzM3aGw0UT09OjoxMjM0NTY3ODkxMjM0NTY3', 'S3B5YmY5WXZUajl6bXM2aG80TTJGZz09OjoxMjM0NTY3ODkxMjM0NTY3', 'c3ZVTnBrckUzdmFNVnZNb0xGUzFiQT09OjoxMjM0NTY3ODkxMjM0NTY3', 'MnlsQldsdU9kUFNKc2RiL24rUk5Ldz09OjoxMjM0NTY3ODkxMjM0NTY3'),
('TWZZLzVFRGdCN1dzZGdidndUOVVXU1FsTmgzaThaU2Q3TDYrTllJSFZ1MD06OjEyMzQ1Njc4OTEyMzQ1Njc=', 'Y3lFcFR4Y1hGb1JyQXJDWE5mVU1Jdz09OjoxMjM0NTY3ODkxMjM0NTY3', 'T1BiWnpBaTZSTGoxelNwSXZlQ0N5Zz09OjoxMjM0NTY3ODkxMjM0NTY3', 'UThFOU01eU1NZ01qWG4zemtpSmRmZz09OjoxMjM0NTY3ODkxMjM0NTY3', 'MEVlY0NBcHRIcUFQUkVFbjVhSS9kQT09OjoxMjM0NTY3ODkxMjM0NTY3'),
('Z0NTRCt0dktFbWpTMmViZDNUM1F4RkRWNWhsVXVGR1ZibFVMSWVvOHAvYz06OjEyMzQ1Njc4OTEyMzQ1Njc=', 'Y3lFcFR4Y1hGb1JyQXJDWE5mVU1Jdz09OjoxMjM0NTY3ODkxMjM0NTY3', 'YkI2ZG1qVDJzS3JBWTV5Tko0QmJLUT09OjoxMjM0NTY3ODkxMjM0NTY3', 'Vit6WXFqaEV3TldPSTB6K0poOW14UT09OjoxMjM0NTY3ODkxMjM0NTY3', 'cUpkSForczY2NW9nVUU5djlTOCtuQT09OjoxMjM0NTY3ODkxMjM0NTY3'),
('WmlrVHRBdVJyOEp4KzRyTkhPWWpvbmI1a0VYSGlOckdwdEt1WWpaL05Yaz06OjEyMzQ1Njc4OTEyMzQ1Njc=', 'Y3lFcFR4Y1hGb1JyQXJDWE5mVU1Jdz09OjoxMjM0NTY3ODkxMjM0NTY3', 'T1BiWnpBaTZSTGoxelNwSXZlQ0N5Zz09OjoxMjM0NTY3ODkxMjM0NTY3', 'bms1UHhORXppL2N2TllIZlpseUswQT09OjoxMjM0NTY3ODkxMjM0NTY3', 'a25FeEhLdXFlQU5kMlBJZWw5YlF1QT09OjoxMjM0NTY3ODkxMjM0NTY3');

-- --------------------------------------------------------

--
-- Table structure for table `cart`
--

CREATE TABLE `cart` (
  `id` int(11) NOT NULL,
  `user_id` int(5) NOT NULL,
  `product_id` int(5) NOT NULL,
  `qty` int(10) NOT NULL,
  `size` int(5) NOT NULL,
  `total_price` decimal(10,2) NOT NULL
) ENGINE=InnoDB DEFAULT CHARSET=latin1;

-- --------------------------------------------------------

--
-- Table structure for table `orders`
--

CREATE TABLE `orders` (
  `id` int(11) NOT NULL,
  `user_id` int(5) NOT NULL,
  `fname` varchar(100) NOT NULL,
  `lname` varchar(200) NOT NULL,
  `email` varchar(100) NOT NULL,
  `phone` varchar(200) NOT NULL,
  `address` varchar(255) NOT NULL,
  `amount_paid` float(10,2) NOT NULL,
  `Status` int(1) NOT NULL,
  `payment_method` varchar(200) NOT NULL,
  `created_at` timestamp NOT NULL DEFAULT current_timestamp()
) ENGINE=InnoDB DEFAULT CHARSET=latin1;

--
-- Dumping data for table `orders`
--

INSERT INTO `orders` (`id`, `user_id`, `fname`, `lname`, `email`, `phone`, `address`, `amount_paid`, `Status`, `payment_method`, `created_at`) VALUES
(19, 2, 'WGJCYkpFZ3VpampIdG9NbzBDTE8zUT09OjoxMjM0NTY3ODkxMjM0NTY3', 'RllMSVhnQkFiKzFobHNlekV1eG9rdz09OjoxMjM0NTY3ODkxMjM0NTY3', 'M2JNVWljOUxnL2tsVlhQRklwejVsVmJqem1lUTI2NkdjbVJwRFZJWWFZYz06OjEyMzQ1Njc4OTEyMzQ1Njc=', 'TVpsOG5oTmpQRHNCNkph', 'a3hvNU9OdCtMSkt6ck1HZkNxRjBRK2NXRWVjMDRRVk9GM0JaTGpqWU1KVT06OjEyMzQ1Njc4OTEyMzQ1Njc=', 450.00, 0, 'cod', '2025-01-10 17:18:50'),
(20, 2, 'WGJCYkpFZ3VpampIdG9NbzBDTE8zUT09OjoxMjM0NTY3ODkxMjM0NTY3', 'RllMSVhnQkFiKzFobHNlekV1eG9rdz09OjoxMjM0NTY3ODkxMjM0NTY3', 'M2JNVWljOUxnL2tsVlhQRklwejVsVmJqem1lUTI2NkdjbVJwRFZJWWFZYz06OjEyMzQ1Njc4OTEyMzQ1Njc=', 'TVpsOG5oTmpQRHNCNkph', 'a3hvNU9OdCtMSkt6ck1HZkNxRjBRK2NXRWVjMDRRVk9GM0JaTGpqWU1KVT06OjEyMzQ1Njc4OTEyMzQ1Njc=', 270.00, 0, 'cod', '2025-01-10 17:21:35'),
(21, 2, 'WGJCYkpFZ3VpampIdG9NbzBDTE8zUT09OjoxMjM0NTY3ODkxMjM0NTY3', 'RllMSVhnQkFiKzFobHNlekV1eG9rdz09OjoxMjM0NTY3ODkxMjM0NTY3', 'M2JNVWljOUxnL2tsVlhQRklwejVsVmJqem1lUTI2NkdjbVJwRFZJWWFZYz06OjEyMzQ1Njc4OTEyMzQ1Njc=', 'TVpsOG5oTmpQRHNCNkph', 'a3hvNU9OdCtMSkt6ck1HZkNxRjBRK2NXRWVjMDRRVk9GM0JaTGpqWU1KVT06OjEyMzQ1Njc4OTEyMzQ1Njc=', 270.00, 0, 'cod', '2025-01-10 17:23:10'),
(22, 2, 'WGJCYkpFZ3VpampIdG9NbzBDTE8zUT09OjoxMjM0NTY3ODkxMjM0NTY3', 'RllMSVhnQkFiKzFobHNlekV1eG9rdz09OjoxMjM0NTY3ODkxMjM0NTY3', 'M2JNVWljOUxnL2tsVlhQRklwejVsVmJqem1lUTI2NkdjbVJwRFZJWWFZYz06OjEyMzQ1Njc4OTEyMzQ1Njc=', 'TVpsOG5oTmpQRHNCNkphOEhVeTJ3Zz09OjoxMjM0NTY3ODkxMjM0NTY3', 'a3hvNU9OdCtMSkt6ck1HZkNxRjBRK2NXRWVjMDRRVk9GM0JaTGpqWU1KVT06OjEyMzQ1Njc4OTEyMzQ1Njc=', 270.00, 0, 'cod', '2025-01-10 17:26:30'),
(23, 1, 'WEhHRDdCMjZnSUwydnUxelRBSDJ5UT09OjoxMjM0NTY3ODkxMjM0NTY3', 'RmNVeURjYVJ1OEZ1ek9CSUd6NjdKQT09OjoxMjM0NTY3ODkxMjM0NTY3', 'cWFPL0NNaFd1R09UdW9rQ09adG13TjFzTGw3d25YNGRDcnpMS0xlRm1vZz06OjEyMzQ1Njc4OTEyMzQ1Njc=', 'MFV4NzFtSU0rUUJDZWxDMTBxV1dPQT09OjoxMjM0NTY3ODkxMjM0NTY3', 'TEhRR3BncUdHclhaMmg3OUlpTFRpZz09OjoxMjM0NTY3ODkxMjM0NTY3', 270.00, 0, 'cod', '2025-01-18 11:05:07'),
(24, 1, 'Ming', 'Lim', 'limjunming0458@gmail.com', '0133005393', 'Melaka\r\nMelaka', 270.00, 0, 'Credit/Debit', '2025-01-18 11:29:26'),
(25, 1, 'Ming', 'Lim', 'limjunming0458@gmail.com', '0133005393', 'Melaka\r\nMelaka', 270.00, 0, 'Credit/Debit', '2025-01-18 11:31:11'),
(26, 1, 'MU8vaEszYlpSYjJENE1pNXQxY25DZz09OjoxMjM0NTY3ODkxMjM0NTY3', 'R0FTcXJRSTZ4YUxpbHBzWjBNcXNHUT09OjoxMjM0NTY3ODkxMjM0NTY3', 'aFlneFI3SUhkTzZCaGEwbWRaVjJ5NGUrelhBZTNXcC81dEc2RzBWOWNkOD06OjEyMzQ1Njc4OTEyMzQ1Njc=', 'dGdUalJqNEVYUXFZT0JRYnRvV3ZRQT09OjoxMjM0NTY3ODkxMjM0NTY3', 'aWM0SGdCNTBRV1FoQUVQbXUwUXpJdz09OjoxMjM0NTY3ODkxMjM0NTY3', 270.00, 0, 'Credit/Debit', '2025-01-18 11:36:34'),
(27, 1, 'MU8vaEszYlpSYjJENE1pNXQxY25DZz09OjoxMjM0NTY3ODkxMjM0NTY3', 'R0FTcXJRSTZ4YUxpbHBzWjBNcXNHUT09OjoxMjM0NTY3ODkxMjM0NTY3', 'aFlneFI3SUhkTzZCaGEwbWRaVjJ5NGUrelhBZTNXcC81dEc2RzBWOWNkOD06OjEyMzQ1Njc4OTEyMzQ1Njc=', 'dGdUalJqNEVYUXFZT0JRYnRvV3ZRQT09OjoxMjM0NTY3ODkxMjM0NTY3', 'aWM0SGdCNTBRV1FoQUVQbXUwUXpJdz09OjoxMjM0NTY3ODkxMjM0NTY3', 270.00, 0, 'Credit/Debit', '2025-01-18 11:43:27'),
(28, 1, 'MU8vaEszYlpSYjJENE1pNXQxY25DZz09OjoxMjM0NTY3ODkxMjM0NTY3', 'R0FTcXJRSTZ4YUxpbHBzWjBNcXNHUT09OjoxMjM0NTY3ODkxMjM0NTY3', 'aFlneFI3SUhkTzZCaGEwbWRaVjJ5NGUrelhBZTNXcC81dEc2RzBWOWNkOD06OjEyMzQ1Njc4OTEyMzQ1Njc=', 'dGdUalJqNEVYUXFZT0JRYnRvV3ZRQT09OjoxMjM0NTY3ODkxMjM0NTY3', 'aWM0SGdCNTBRV1FoQUVQbXUwUXpJdz09OjoxMjM0NTY3ODkxMjM0NTY3', 270.00, 0, 'Credit/Debit', '2025-01-18 11:46:04'),
(29, 1, 'MU8vaEszYlpSYjJENE1pNXQxY25DZz09OjoxMjM0NTY3ODkxMjM0NTY3', 'R0FTcXJRSTZ4YUxpbHBzWjBNcXNHUT09OjoxMjM0NTY3ODkxMjM0NTY3', 'aFlneFI3SUhkTzZCaGEwbWRaVjJ5NGUrelhBZTNXcC81dEc2RzBWOWNkOD06OjEyMzQ1Njc4OTEyMzQ1Njc=', 'dGdUalJqNEVYUXFZT0JRYnRvV3ZRQT09OjoxMjM0NTY3ODkxMjM0NTY3', 'aWM0SGdCNTBRV1FoQUVQbXUwUXpJdz09OjoxMjM0NTY3ODkxMjM0NTY3', 260.00, 0, 'Credit/Debit', '2025-01-18 15:39:06'),
(30, 1, 'WEhHRDdCMjZnSUwydnUxelRBSDJ5UT09OjoxMjM0NTY3ODkxMjM0NTY3', 'RmNVeURjYVJ1OEZ1ek9CSUd6NjdKQT09OjoxMjM0NTY3ODkxMjM0NTY3', 'cWFPL0NNaFd1R09UdW9rQ09adG13TjFzTGw3d25YNGRDcnpMS0xlRm1vZz06OjEyMzQ1Njc4OTEyMzQ1Njc=', 'MFV4NzFtSU0rUUJDZWxDMTBxV1dPQT09OjoxMjM0NTY3ODkxMjM0NTY3', 'TEhRR3BncUdHclhaMmg3OUlpTFRpZz09OjoxMjM0NTY3ODkxMjM0NTY3', 270.00, 0, 'Credit/Debit', '2025-01-18 15:49:27'),
(31, 1, 'WEhHRDdCMjZnSUwydnUxelRBSDJ5UT09OjoxMjM0NTY3ODkxMjM0NTY3', 'RmNVeURjYVJ1OEZ1ek9CSUd6NjdKQT09OjoxMjM0NTY3ODkxMjM0NTY3', 'cWFPL0NNaFd1R09UdW9rQ09adG13TjFzTGw3d25YNGRDcnpMS0xlRm1vZz06OjEyMzQ1Njc4OTEyMzQ1Njc=', 'MFV4NzFtSU0rUUJDZWxDMTBxV1dPQT09OjoxMjM0NTY3ODkxMjM0NTY3', 'TEhRR3BncUdHclhaMmg3OUlpTFRpZz09OjoxMjM0NTY3ODkxMjM0NTY3', 270.00, 0, 'cod', '2025-01-18 16:55:05'),
(32, 1, 'WEhHRDdCMjZnSUwydnUxelRBSDJ5UT09OjoxMjM0NTY3ODkxMjM0NTY3', 'RmNVeURjYVJ1OEZ1ek9CSUd6NjdKQT09OjoxMjM0NTY3ODkxMjM0NTY3', 'cWFPL0NNaFd1R09UdW9rQ09adG13TjFzTGw3d25YNGRDcnpMS0xlRm1vZz06OjEyMzQ1Njc4OTEyMzQ1Njc=', 'MFV4NzFtSU0rUUJDZWxDMTBxV1dPQT09OjoxMjM0NTY3ODkxMjM0NTY3', 'TEhRR3BncUdHclhaMmg3OUlpTFRpZz09OjoxMjM0NTY3ODkxMjM0NTY3', 270.00, 0, 'Credit/Debit', '2025-01-18 17:23:04'),
(33, 1, 'WEhHRDdCMjZnSUwydnUxelRBSDJ5UT09OjoxMjM0NTY3ODkxMjM0NTY3', 'RmNVeURjYVJ1OEZ1ek9CSUd6NjdKQT09OjoxMjM0NTY3ODkxMjM0NTY3', 'cWFPL0NNaFd1R09UdW9rQ09adG13TjFzTGw3d25YNGRDcnpMS0xlRm1vZz06OjEyMzQ1Njc4OTEyMzQ1Njc=', 'MFV4NzFtSU0rUUJDZWxDMTBxV1dPQT09OjoxMjM0NTY3ODkxMjM0NTY3', 'TEhRR3BncUdHclhaMmg3OUlpTFRpZz09OjoxMjM0NTY3ODkxMjM0NTY3', 270.00, 0, 'Credit/Debit', '2025-01-18 17:29:38'),
(34, 1, 'WEhHRDdCMjZnSUwydnUxelRBSDJ5UT09OjoxMjM0NTY3ODkxMjM0NTY3', 'RmNVeURjYVJ1OEZ1ek9CSUd6NjdKQT09OjoxMjM0NTY3ODkxMjM0NTY3', 'cWFPL0NNaFd1R09UdW9rQ09adG13TjFzTGw3d25YNGRDcnpMS0xlRm1vZz06OjEyMzQ1Njc4OTEyMzQ1Njc=', 'MFV4NzFtSU0rUUJDZWxDMTBxV1dPQT09OjoxMjM0NTY3ODkxMjM0NTY3', 'TEhRR3BncUdHclhaMmg3OUlpTFRpZz09OjoxMjM0NTY3ODkxMjM0NTY3', 190.00, 0, 'Credit/Debit', '2025-01-20 07:34:45'),
(35, 1, 'WEhHRDdCMjZnSUwydnUxelRBSDJ5UT09OjoxMjM0NTY3ODkxMjM0NTY3', 'RmNVeURjYVJ1OEZ1ek9CSUd6NjdKQT09OjoxMjM0NTY3ODkxMjM0NTY3', 'cWFPL0NNaFd1R09UdW9rQ09adG13TjFzTGw3d25YNGRDcnpMS0xlRm1vZz06OjEyMzQ1Njc4OTEyMzQ1Njc=', 'MFV4NzFtSU0rUUJDZWxDMTBxV1dPQT09OjoxMjM0NTY3ODkxMjM0NTY3', 'TEhRR3BncUdHclhaMmg3OUlpTFRpZz09OjoxMjM0NTY3ODkxMjM0NTY3', 270.00, 0, 'cod', '2025-01-20 08:22:14'),
(36, 1, 'WEhHRDdCMjZnSUwydnUxelRBSDJ5UT09OjoxMjM0NTY3ODkxMjM0NTY3', 'RmNVeURjYVJ1OEZ1ek9CSUd6NjdKQT09OjoxMjM0NTY3ODkxMjM0NTY3', 'cWFPL0NNaFd1R09UdW9rQ09adG13TjFzTGw3d25YNGRDcnpMS0xlRm1vZz06OjEyMzQ1Njc4OTEyMzQ1Njc=', 'MFV4NzFtSU0rUUJDZWxDMTBxV1dPQT09OjoxMjM0NTY3ODkxMjM0NTY3', 'TEhRR3BncUdHclhaMmg3OUlpTFRpZz09OjoxMjM0NTY3ODkxMjM0NTY3', 270.00, 0, 'cod', '2025-01-20 08:28:01'),
(37, 1, 'WEhHRDdCMjZnSUwydnUxelRBSDJ5UT09OjoxMjM0NTY3ODkxMjM0NTY3', 'RmNVeURjYVJ1OEZ1ek9CSUd6NjdKQT09OjoxMjM0NTY3ODkxMjM0NTY3', 'cWFPL0NNaFd1R09UdW9rQ09adG13TjFzTGw3d25YNGRDcnpMS0xlRm1vZz06OjEyMzQ1Njc4OTEyMzQ1Njc=', 'MFV4NzFtSU0rUUJDZWxDMTBxV1dPQT09OjoxMjM0NTY3ODkxMjM0NTY3', 'TEhRR3BncUdHclhaMmg3OUlpTFRpZz09OjoxMjM0NTY3ODkxMjM0NTY3', 190.00, 0, 'cod', '2025-01-20 08:30:14'),
(38, 1, 'WEhHRDdCMjZnSUwydnUxelRBSDJ5UT09OjoxMjM0NTY3ODkxMjM0NTY3', 'RmNVeURjYVJ1OEZ1ek9CSUd6NjdKQT09OjoxMjM0NTY3ODkxMjM0NTY3', 'cWFPL0NNaFd1R09UdW9rQ09adG13TjFzTGw3d25YNGRDcnpMS0xlRm1vZz06OjEyMzQ1Njc4OTEyMzQ1Njc=', 'MFV4NzFtSU0rUUJDZWxDMTBxV1dPQT09OjoxMjM0NTY3ODkxMjM0NTY3', 'TEhRR3BncUdHclhaMmg3OUlpTFRpZz09OjoxMjM0NTY3ODkxMjM0NTY3', 190.00, 0, 'Credit/Debit', '2025-01-20 08:32:33'),
(39, 1, 'WEhHRDdCMjZnSUwydnUxelRBSDJ5UT09OjoxMjM0NTY3ODkxMjM0NTY3', 'RmNVeURjYVJ1OEZ1ek9CSUd6NjdKQT09OjoxMjM0NTY3ODkxMjM0NTY3', 'cWFPL0NNaFd1R09UdW9rQ09adG13TjFzTGw3d25YNGRDcnpMS0xlRm1vZz06OjEyMzQ1Njc4OTEyMzQ1Njc=', 'MFV4NzFtSU0rUUJDZWxDMTBxV1dPQT09OjoxMjM0NTY3ODkxMjM0NTY3', 'TEhRR3BncUdHclhaMmg3OUlpTFRpZz09OjoxMjM0NTY3ODkxMjM0NTY3', 270.00, 0, 'cod', '2025-01-20 08:42:01');

-- --------------------------------------------------------

--
-- Table structure for table `orders_details`
--

CREATE TABLE `orders_details` (
  `ID` int(5) NOT NULL,
  `Product_ID` int(5) NOT NULL,
  `Order_ID` int(5) NOT NULL,
  `Order_Size` int(5) NOT NULL,
  `Order_Quantity` int(5) NOT NULL
) ENGINE=InnoDB DEFAULT CHARSET=utf8mb4;

--
-- Dumping data for table `orders_details`
--

INSERT INTO `orders_details` (`ID`, `Product_ID`, `Order_ID`, `Order_Size`, `Order_Quantity`) VALUES
(1, 1, 1, 44, 6),
(2, 3, 2, 39, 1),
(3, 3, 3, 39, 3),
(4, 2, 3, 39, 3),
(5, 2, 5, 39, 1),
(6, 2, 5, 40, 1),
(7, 2, 6, 39, 1),
(8, 2, 7, 39, 1),
(9, 2, 8, 40, 1),
(10, 2, 9, 40, 1),
(11, 3, 11, 39, 1),
(12, 1, 12, 41, 1),
(13, 2, 13, 40, 1),
(14, 1, 14, 39, 5),
(15, 1, 15, 40, 9),
(16, 2, 16, 39, 2),
(17, 1, 16, 39, 1),
(18, 2, 16, 39, 3),
(19, 1, 16, 42, 1),
(20, 2, 17, 39, 2),
(21, 1, 17, 39, 1),
(22, 2, 17, 39, 3),
(23, 1, 17, 42, 1),
(24, 1, 18, 42, 1),
(25, 2, 19, 39, 1),
(26, 1, 19, 41, 1),
(27, 2, 20, 40, 1),
(28, 2, 21, 40, 1),
(29, 2, 22, 39, 1),
(30, 2, 23, 39, 1),
(31, 2, 24, 40, 1),
(32, 2, 25, 40, 1),
(33, 2, 26, 39, 1),
(34, 2, 27, 40, 1),
(35, 2, 28, 40, 1),
(36, 3, 29, 43, 1),
(37, 2, 30, 39, 1),
(38, 2, 31, 39, 1),
(39, 2, 32, 39, 1),
(40, 2, 33, 39, 1),
(41, 1, 34, 41, 1),
(42, 2, 35, 39, 1),
(43, 2, 36, 39, 1),
(44, 1, 37, 40, 1),
(45, 1, 38, 39, 1),
(46, 2, 39, 39, 1);

-- --------------------------------------------------------

--
-- Table structure for table `reviews`
--

CREATE TABLE `reviews` (
  `id` int(11) NOT NULL,
  `product_id` int(11) NOT NULL,
  `user_id` int(11) NOT NULL,
  `rating` int(11) NOT NULL,
  `review` text NOT NULL,
  `created_at` timestamp NOT NULL DEFAULT current_timestamp()
) ENGINE=InnoDB DEFAULT CHARSET=utf8mb4;

--
-- Dumping data for table `reviews`
--

INSERT INTO `reviews` (`id`, `product_id`, `user_id`, `rating`, `review`, `created_at`) VALUES
(1, 24, 1, 4, 'Very good\r\n', '2025-01-20 04:39:19');

-- --------------------------------------------------------

--
-- Table structure for table `user`
--

CREATE TABLE `user` (
  `ID` int(3) NOT NULL,
  `User_Email` varchar(100) NOT NULL,
  `User_Password` varchar(100) NOT NULL,
  `User_First_Name` varchar(100) NOT NULL,
  `User_Last_Name` varchar(100) NOT NULL,
  `User_Status` int(1) DEFAULT NULL,
  `User_Token` varchar(300) NOT NULL,
  `User_Phone` varchar(100) DEFAULT NULL,
  `User_Address` text DEFAULT NULL
) ENGINE=InnoDB DEFAULT CHARSET=utf8mb4;

--
-- Dumping data for table `user`
--

INSERT INTO `user` (`ID`, `User_Email`, `User_Password`, `User_First_Name`, `User_Last_Name`, `User_Status`, `User_Token`, `User_Phone`, `User_Address`) VALUES
(1, 'cWFPL0NNaFd1R09UdW9rQ09adG13TjFzTGw3d25YNGRDcnpMS0xlRm1vZz06OjEyMzQ1Njc4OTEyMzQ1Njc=', '$2y$10$RfRk7/sA/BtHIPYZnPpB7.3eUvV2Bz8jSLmkRL/5.R5OhtzpCteri', 'WEhHRDdCMjZnSUwydnUxelRBSDJ5UT09OjoxMjM0NTY3ODkxMjM0NTY3', 'RmNVeURjYVJ1OEZ1ek9CSUd6NjdKQT09OjoxMjM0NTY3ODkxMjM0NTY3', 1, '192d24574724bae2f423571f6bc3e3eb', NULL, NULL),
(2, 'M2JNVWljOUxnL2tsVlhQRklwejVsVmJqem1lUTI2NkdjbVJwRFZJWWFZYz06OjEyMzQ1Njc4OTEyMzQ1Njc=', '$2y$10$mtl6l3jdvYTpulfyjxv5WOHFClxKRcKS.xtBdCCm2.XP5nAhJX/JO', 'WGJCYkpFZ3VpampIdG9NbzBDTE8zUT09OjoxMjM0NTY3ODkxMjM0NTY3', 'RllMSVhnQkFiKzFobHNlekV1eG9rdz09OjoxMjM0NTY3ODkxMjM0NTY3', 1, '823ac9a56191dcc5cd5e7a7f31faf6e4', 'TVpsOG5oTmpQRHNCNkphOEhVeTJ3Zz09OjoxMjM0NTY3ODkxMjM0NTY3', 'a3hvNU9OdCtMSkt6ck1HZkNxRjBRK2NXRWVjMDRRVk9GM0JaTGpqWU1KVT06OjEyMzQ1Njc4OTEyMzQ1Njc='),
(3, 'MmhTalJDTzBpWEZFZS9ubkJRaENwR2tPRy9KUm5IZDhJOTZzUGJ1YWloYz06OjEyMzQ1Njc4OTEyMzQ1Njc=', '$2y$10$dPvenj.slcmYnxzsWznS6OPamGiVxdZKAmJ8pefsMRyjP/vND5sha', 'WEhHRDdCMjZnSUwydnUxelRBSDJ5UT09OjoxMjM0NTY3ODkxMjM0NTY3', 'RmNVeURjYVJ1OEZ1ek9CSUd6NjdKQT09OjoxMjM0NTY3ODkxMjM0NTY3', 1, '0863f8c45c1eb24e80e3a028e5507c7c', NULL, NULL);

--
-- Indexes for dumped tables
--

--
-- Indexes for table `cart`
--
ALTER TABLE `cart`
  ADD PRIMARY KEY (`id`);

--
-- Indexes for table `orders`
--
ALTER TABLE `orders`
  ADD PRIMARY KEY (`id`);

--
-- Indexes for table `orders_details`
--
ALTER TABLE `orders_details`
  ADD PRIMARY KEY (`ID`);

--
-- Indexes for table `reviews`
--
ALTER TABLE `reviews`
  ADD PRIMARY KEY (`id`);

--
-- Indexes for table `user`
--
ALTER TABLE `user`
  ADD PRIMARY KEY (`ID`);

--
-- AUTO_INCREMENT for dumped tables
--

--
-- AUTO_INCREMENT for table `cart`
--
ALTER TABLE `cart`
  MODIFY `id` int(11) NOT NULL AUTO_INCREMENT;

--
-- AUTO_INCREMENT for table `orders`
--
ALTER TABLE `orders`
  MODIFY `id` int(11) NOT NULL AUTO_INCREMENT, AUTO_INCREMENT=40;

--
-- AUTO_INCREMENT for table `orders_details`
--
ALTER TABLE `orders_details`
  MODIFY `ID` int(5) NOT NULL AUTO_INCREMENT, AUTO_INCREMENT=47;

--
-- AUTO_INCREMENT for table `reviews`
--
ALTER TABLE `reviews`
  MODIFY `id` int(11) NOT NULL AUTO_INCREMENT, AUTO_INCREMENT=2;

--
-- AUTO_INCREMENT for table `user`
--
ALTER TABLE `user`
  MODIFY `ID` int(3) NOT NULL AUTO_INCREMENT, AUTO_INCREMENT=4;
COMMIT;

/*!40101 SET CHARACTER_SET_CLIENT=@OLD_CHARACTER_SET_CLIENT */;
/*!40101 SET CHARACTER_SET_RESULTS=@OLD_CHARACTER_SET_RESULTS */;
/*!40101 SET COLLATION_CONNECTION=@OLD_COLLATION_CONNECTION */;
